Make,Model,GC Number,kW Gross,kW Net,Net kW (+5%/-10%),Max CO2%,Min CO2%,Max Ratio,Max Co (PPM),Max (Burner Pressure Mb),Min (Burner Pressure Mb),Strip Service Required
Alpha,CB 28 X,4753217,34,36.6,32.9 - 38.4,N/A,N/A,N/A,N/A,11.7,2.5,Yes
Alpha,CD 28 C,4753233,31.635,28.5,25.7 - 29.9,N/A,N/A,N/A,N/A,7.55,0.52,If Ratio is greater than 0.0003
Alpha,CD 28 X,4753237,31.857,28.7,25.8 - 30.1,N/A,N/A,N/A,N/A,8.83,0.24,If Ratio is greater than 0.0003
Alpha,InTec 24 X,4753245,27.528,24.8,22.3 - 26.0,9.4 (+/-0.25),8.6 (+/- 0.25),0.003,200,6.48,0.17,If Ratio is greater than 0.0003
Alpha,InTec 28 X,4753246,31.413,28.3,25.5 - 29.7,9.45 (+/-025),8.6 (+/-0.25),0.003,200,N/A,N/A,If Ratio is greater than 0.0003
Ariston,E-Combi 30,4711663,33.3,30,27.0 - 31.5,9.0 (+/-0.2),9.0 (+/-0.2),0.004,100,N/A,N/A,Yes
Atag,iC 24,4731019,26.64,24,21.6 - 25.2,9.0 (+0.6/-0.4),Above 7.6 (must be 0.3 lower than max co2 reading),0.004,N/A,N/A,N/A,Yes
Atag,iC 28,4731021,30.303,27.3,24.6 - 28.7,9.0 (+0.6/-0.4),Above 7.6,0.004,N/A,N/A,N/A,Yes
Atag,iC 36,4731026,39.294,35.4,31.9 - 37.2,9.0 (+0.6/-0.4),Above 7.6,0.004,N/A,N/A,N/A,Yes
Atag,iC Economiser 27,4731027,31.413,28.3,25.5 - 29.7,9.0 (+0.6/-0.4),Above 7.6,0.004,N/A,N/A,N/A,Yes
Atag,iC Economiser 35,4731029,40.293,36.3,32.7 - 38.1,9.0 (+0.6/-0.4),Above 7.6,1.004,N/A,N/A,N/A,Yes
Baxi,50HE Plus,4107741,16.88,15.20720721,13.7 - 16.0,9 (+/-1.0),N/A,0.004,N/A,N/A,N/A,Yes
Baxi,80 HE Plus,4107742,24.5,22.07207207,19.9 - 23.2,9 (+/-1.0),N/A,0.004,N/A,N/A,N/A,Yes
Baxi,Assure 500 Combi  2 30,4707760,34.299,30.9,27.8 - 32.4,Between 8.8 and 9.4,Between 8.1 and 8.6,0.004,350,N/A,N/A,Yes
Baxi,Assure 500 Combi 2 24,4707759,27.417,24.7,22.2 - 25.9,Between 8.8 and 9.4,Between 8.1 and 8.6,0.004,350,N/A,N/A,Yes
Baxi,Assure Combi 30,4707743,34.299,30.9,27.8 - 32.4,9.0 (+0.3/-0.2),8.5 (+0.1/-0.4),0.004,N/A,N/A,N/A,Yes
Baxi,Bermuda 401,4107749,17.649,15.9,14.3 - 16.7,N/A,N/A,N/A,N/A,18.2,3.2,Yes
Baxi,Bermuda 45/4 M,4407771,24.087,21.7,19.5 - 22.8,N/A,N/A,N/A,N/A,17,10.5,Yes
Baxi,Combi 105 E,4707508,34.3,30.9009009,27.8 - 32.4,N/A,N/A,N/A,N/A,13.4 (+/-0.5),1.8 (+/-0.2),Yes
Baxi,Combi 624,4707728,28.638,25.8,23.2 - 27.1,9.0 (+0.3/-0.2),8.5 (+0.1/-0.4),1.004,N/A,N/A,N/A,Refer To M.I's
Baxi,Combi 80 E,4707506,26.3,23.69369369,21.3 - 24.9,N/A,N/A,N/A,N/A,12.2 (+/-0.5),2.5 (+/-0.2),Yes
Baxi,Combi 80 Eco,4707505,26.3,23.69369369,21.3 - 24.9,N/A,N/A,N/A,N/A,12.2 (+/-0.5),2.5 (+/-0.2),Refer To M.I's
Baxi,Combi Instant 105 HE,4707519,33.855,30.5,27.5 - 32.0,N/A,N/A,N/A,N/A,12.1 (+/-0.5),2.1(+/-0.2),Yes
Baxi,Combi Instant 80 HE,4707517,27.528,24.8,22.3 - 26.0,N/A,N/A,N/A,N/A,10.2 (+/-0.5),2.0 (+/-0.2),Yes
Baxi,Duo-tec 2 Combi 24 GA,4707554,27.417,24.7,22.2 - 25.9,9.0 (+/-0.7),9.0 (+/-0.7),0.004,N/A,N/A,N/A,Yearly Strip Service Required
Baxi,Duo-tec 2 Combi 28 GA,4707555,31.08,28,25.2 - 29.4,9.0 (+/-0.7),9.0 (+/-0.7),0.004,N/A,N/A,N/A,Yearly Strip Service Required
Baxi,Duo-tec 2 Combi 33 GA,4707556,37.74,34,30.6 - 35.7,9.0 (+/-0.7),9.0 (+/-0.7),0.004,N/A,N/A,N/A,Yearly Strip Service Required
Baxi,Duo-tec 2 Combi 40 GA,4707557,45.732,41.2,37.1 - 43.3,9.0 (+/-0.7),9.0 (+/-0.7),0.004,N/A,N/A,N/A,Yearly Strip Service Required
Baxi,Duo-tec 24 Combi ErP,4707596,27.4,24.68468468,22.2 - 25.9,8.7 (+/-0.2),8.4 (+/-0.2),0.004,N/A,N/A,N/A,Yearly Strip Service Required
Baxi,Duo-tec 28 Combi ErP,4707597,32.1,28.91891892,26.0 - 30.4,8.7 (+/-0.2),8.4 (+/-0.2),0.004,N/A,N/A,N/A,Yearly Strip Service Required
Baxi,Duo-tec 33 Combi ErP,4707599,37.8,34.05405405,30.6 - 35.8,8.7 (+/-0.2),8.4 (+/-0.2),0.004,N/A,N/A,N/A,Yearly Strip Service Required
Baxi,Duo-tec Combi 24 HE,4707523,27.417,24.7,22.2 - 25.9,8.7 (+/-0.2),8.4 (+/-0.2),0.004,N/A,N/A,N/A,If Combustion Readings Are Unsatisfactory
Baxi,Duo-tec Combi 28 HE,4707525,32.079,28.9,26.0 - 30.3,8.7 (+/-0.2),8.4 (+/-0.2),0.004,N/A,N/A,N/A,If Combustion Readings Are Unsatisfactory
Baxi,Duo-tec Combi 33 HE,4707524,37.74,34,30.6 - 35.7,8.7 (+/-0.2),8.4 (+/-0.2),0.004,N/A,N/A,N/A,If Combustion Readings Are Unsatisfactory
Baxi,Duo-tec Combi 40 HE A,4707538,45.732,41.2,37.1 - 43.3,8.7 (+/-0.2),8.4 (+/-0.2),0.004,N/A,N/A,N/A,If Combustion Readings Are Unsatisfactory
Baxi,DuotecCombi 24 HE A,4707535,27.417,24.7,22.2 - 25.9,8.7 (+/-0.2),8.4 (+/-0.2),0.004,N/A,N/A,N/A,If Combustion Readings Are Unsatisfactory
Baxi,DuotecCombi28HE A,4707536,32.079,28.9,26.0 - 30.3,8.7 (+/-0.2),8.4 (+/-0.2),0.004,N/A,N/A,N/A,If Combustion Readings Are Unsatisfactory
Baxi,EcoBlue 15 ErP,4107024,20.5128,18.48,16.6 - 19.4,8.7 (+/-0.2),8.4 (+/-0.2),0.004,N/A,N/A,N/A,Refer To M.I's
Baxi,MainEco Combi 28,4707594,31.302,28.2,25.4 - 29.6,9.15% - 9.50%,8.7% - 9.05%,0.004,N/A,N/A,N/A,Refer To M.I's
Baxi,Maxflow Combi 80,4707507,32.4009,29.19,26.3 - 30.6,N/A,N/A,N/A,N/A,10.6 (+/-0.5),1.9 (+/-0.2),Refer To M.I's
Baxi,Megaflo System 15 HE,4107552,17.094,15.4,13.9 - 16.2,8.7(+/-0.2),8.4(+/-0.2),0.004,N/A,N/A,N/A,Refer To M.I's
Baxi,Neta-tec Combi 24 GA,4707551,27.417,24.7,22.2 - 25.9,9.0(+/-0.7),9.0(+/-0.7),0.004,N/A,N/A,N/A,If Combustion Readings Are Unsatisfactory
Baxi,Neta-tec Combi 28 GA,4707552,32.079,28.9,26.0 - 30.3,9.0(+/-0.7),9.0(+/-0.7),0.004,N/A,N/A,N/A,If Combustion Readings Are Unsatisfactory
Baxi,Neta-tec Combi 33 GA,4707553,37.74,34,30.6 - 35.7,9.0(+/-0.7),9.0(+/-0.7),0.004,N/A,N/A,N/A,If Combustion Readings Are Unsatisfactory
Baxi,Solo 15 HE,4107546,16.88,15.2,13.7 - 16.0,9.0(+/-1.0),N/A,0.004,N/A,N/A,N/A,Yes
Baxi,Solo 18 HE A,4107567,20.18,18.18,16.4 - 19.1,9.0(+/-1.0),N/A,0.004,N/A,N/A,N/A,Yes
Baxi,Solo 3 PFL 30,4107520,12.1989,10.99,9.9 - 11.5,N/A,N/A,N/A,N/A,16.0(+/-0.5),6.4(+/-0.2),Yes
Baxi,Solo 3 PFL 40,4107521,16.2615,14.65,13.2 - 15.4,N/A,N/A,N/A,N/A,16.0(+/-0.5),6.4(+/-0.2),Yes
Baxi,Solo 2 30PF ,4107771,12.1989,10.99,9.9 - 11.5,N/A,N/A,N/A,N/A,16.0(+/-0.5),8.0(+/-0.5),Yes
Baxi,Solo 2 50PF,4107773,20.3352,18.32,16.5 - 19.2,N/A,N/A,N/A,N/A,16.0(+/-0.5),11.5(+/-0.5),Yes
Baxi,Solo 2 40PF,4107772,16.2615,14.65,13.2 - 15.4,N/A,N/A,N/A,N/A,16.0(+/-0.5),10(+/-0.5),Yes
Baxi,System 100 HE Plus,4107543,37.4736,33.76,30.4 - 35.4,N/A,N/A,0.004,N/A,N/A,N/A,Yes
Baxi,WM 552,4107710,23.532,21.2,19.1 - 22.3,,N/A,N/A,N/A,17.75,7.5,Yes
Glow-worm,12 hxi,4104773,13.542,12.2,11.0 - 12.8,9.3(+/-1.0),9.3(+/-1.0),0.004,N/A,N/A,N/A,Yes
Glow-worm,15hxi,4104774,16.9386,15.26,13.7 - 16.0,9.3(+/-1.0),9.3(+/-1.0),0.004,N/A,N/A,N/A,Yes
Glow-worm,18 hxi,4107463,20.979,18.9,17.0 - 19.8,9.3(+/-1.0),9.3(+/-1.0),0.004,N/A,N/A,N/A,Yes
Glow-worm,18sxi,4104772,20.979,18.9,17.0 - 19.8,9.3(+/-1.0),9.3(+/-1.0),0.004,N/A,N/A,N/A,Yes
Glow-worm,24 cxi,4704723,26.7732,24.12,21.7 - 25.3,9.3(+/-1.0),9.3(+/-1.0),0.004,N/A,N/A,N/A,Yes
Glow-worm,30 cxi,4704724,33.4665,30.15,27.1 - 31.7,9.3(+/-1.0),9.3(+/-1.0),0.004,N/A,N/A,N/A,Yes
Glow-worm,Ultracom 2 35 cxi,4701912,39.627,35.7,32.1 - 37.5,9.2(+/-0.3),8.9(+/-0.2),0.004,N/A,N/A,N/A,Yes
Glow-worm,38 cxi,4704727,42.6462,38.42,34.6 - 40.3,9.3(+/-1.0),9.3(+/-1.0),0.004,N/A,N/A,N/A,Yes
Glow-worm,45/2 BBU,4431539,17.8,16.03,14.4 - 16.8,N/A,N/A,N/A,N/A,15.2,11.4,Yes
Glow-worm,Betacom 2 28,4701917,31.08,28,25.2 - 29.4,9.2(+/-0.3),8.9(+/-0.3),0.004,N/A,N/A,N/A,Refer To M.I's
Glow-worm,Economy Plus 30B,4131901,10.99,9.9,8.9 - 10.4,N/A,N/A,N/A,N/A,10.5,4.7,Yes
Glow-worm,Economy Plus 30C,4131937,10.99,9.9,8.9 - 10.4,N/A,N/A,N/A,N/A,14,10.3,Yes
Glow-worm,Flexicom 12hx,4131528,13.431,12.1,10.9 - 12.7,Between 8.8 and 9.8%,Between 8.9 and 9.5%,0.004,N/A,N/A,N/A,If Combustion Readings Are Unsatisfactory
Glow-worm,Flexicom 15hx,4131529,16.761,15.1,13.6 - 15.9,Between 8.8 and 9.8%,Between 8.9 and 9.5%,0.004,N/A,N/A,N/A,If Combustion Readings Are Unsatisfactory
Glow-worm,Flexicom 18hx,4131542,20.202,18.2,16.4 - 19.1,Between 8.8 and 9.8%,Between 8.9 and 9.5%,0.004,N/A,N/A,N/A,If Combustion Readings Are Unsatisfactory
Glow-worm,Flexicom 18sx,4131572,20.202,18.2,16.4 - 19.1,Between 8.8 and 9.8%,Between 8.9 and 9.5%,0.004,N/A,N/A,N/A,If Combustion Readings Are Unsatisfactory
Glow-worm,Flexicom 24cx,4704733,28.305,25.5,23.0 - 26.8,Between 8.8 and 9.8%,Between 8.9 and 9.5%,0.004,N/A,N/A,N/A,If Combustion Readings Are Unsatisfactory
Glow-worm,Flexicom 35cx,4704735,39.738,35.8,32.2 - 37.6,Between 8.8 and 9.8%,Between 8.9 and 9.5%,0.004,N/A,N/A,N/A,If Combustion Readings Are Unsatisfactory
Glow-worm,Flexicom30cx,4704734,34.188,30.8,27.7 - 32.3,Between 8.8 and 9.8%,Between 8.9 and 9.5%,0.004,N/A,N/A,N/A,If Combustion Readings Are Unsatisfactory
Glow-worm,Home 25c,4701929,28.527,25.7,23.1 - 27.0,9.2(+/-1.0),N/A,0.0027,250,N/A,N/A,Every 5 Years
Glow-worm,Home 30c,4701930,33.966,30.6,27.5 - 32.1,9.2(+/-1.0),N/A,0.0027,250,N/A,N/A,Every 5 Years
Glow-worm,Micron 30FF,4104716,10.9224,9.84,8.9 - 10.3,N/A,N/A,N/A,N/A,14,6.8,Yes
Glow-worm,Micron 40FF,4104717,14.4744,13.04,11.7 - 13.7,N/A,N/A,N/A,N/A,14.3,7.8,Yes
Glow-worm,Micron 50FF,4704718,18.1818,16.38,14.7 - 17.2,N/A,N/A,N/A,N/A,15.5,10.2,Yes
Glow-worm,Sustain 25c -A ,4701932,28.527,25.7,23.1 - 27.0,9.2(+/-1.0),N/A,0.0031,250,N/A,N/A,Every 5 Years
Glow-worm,Ultimate 50FF,4104755,17.871,16.1,14.5 - 16.9,N/A,N/A,N/A,N/A,12,8.1,Yes
Glow-worm,Ultracom 12hxi,4101901,13.542,12.2,11.0 - 12.8,between 8.5 and 9.6 (for setting gas valve refer to m.i's),between 8.5 and 9.6 (for setting gas valve refer to m.i's),0.004,N/A,N/A,N/A,If Combustion Readings Are Unsatisfactory
Glow-worm,Ultracom 15hxi,4101902,16.9386,15.26,13.7 - 16.0,between 8.5 and 9.6 (for setting gas valve refer to m.i's),between 8.5 and 9.6 (for setting gas valve refer to m.i's),0.004,N/A,N/A,N/A,If Combustion Readings Are Unsatisfactory
Glow-worm,Ultracom 18hxi,4101903,20.979,18.9,17.0 - 19.8,between 8.5 and 9.6 (for setting gas valve refer to m.i's),between 8.5 and 9.6 (for setting gas valve refer to m.i's),0.004,N/A,N/A,N/A,If Combustion Readings Are Unsatisfactory
Glow-worm,Ultracom 18sxi,4101907,20.979,18.9,17.0 - 19.8,between 8.5 and 9.6 (for setting gas valve refer to m.i's),between 8.5 and 9.6 (for setting gas valve refer to m.i's),0.004,N/A,N/A,N/A,If Combustion Readings Are Unsatisfactory
Glow-worm,Ultracom 24cx,4701906,26.7732,24.12,21.7 - 25.3,between 8.5 and 9.6 (for setting gas valve refer to m.i's),between 8.5 and 9.6 (for setting gas valve refer to m.i's),0.004,N/A,N/A,N/A,If Combustion Readings Are Unsatisfactory
Glow-worm,Ultracom 24cxi,4701901,26.7732,24.12,21.7 - 25.3,between 8.5 and 9.6 (for setting gas valve refer to m.i's),between 8.5 and 9.6 (for setting gas valve refer to m.i's),0.004,N/A,N/A,N/A,If Combustion Readings Are Unsatisfactory
Glow-worm,Ultracom 24hxi,4101904,27.084,24.4,22.0 - 25.6,between 8.5 and 9.6 (for setting gas valve refer to m.i's),between 8.5 and 9.6 (for setting gas valve refer to m.i's),0.004,N/A,N/A,N/A,If Combustion Readings Are Unsatisfactory
Glow-worm,Ultracom 30cx,4701907,33.4665,30.15,27.1 - 31.7,between 8.5 and 9.6 (for setting gas valve refer to m.i's),between 8.5 and 9.6 (for setting gas valve refer to m.i's),0.004,N/A,N/A,N/A,If Combustion Readings Are Unsatisfactory
Glow-worm,Ultracom 30cxi,4701902,33.4665,30.15,27.1 - 31.7,between 8.5 and 9.6 (for setting gas valve refer to m.i's),between 8.5 and 9.6 (for setting gas valve refer to m.i's),0.004,N/A,N/A,N/A,If Combustion Readings Are Unsatisfactory
Glow-worm,Ultracom2 18sxi,4101913,20.535,18.5,16.7 - 19.4,9.2(+0.3/-0.3),9.2(+0.3/-0.3),0.004,N/A,N/A,N/A,Yes
Glow-worm,Ultracom2 30cxi,4701911,33.966,30.6,27.5 - 32.1,9.2(+0.3/-0.3),9.2(+0.3/-0.3),0.004,N/A,N/A,N/A,Yes
Glow-worm,Ultracom2 24cxi,4701910,28.305,25.5,23.0 - 26.8,9.2(+0.3/-0.3),9.2(+0.3/-0.3),0.004,N/A,N/A,N/A,Yes
Ideal,Classic FF 230,4138701,11,9.90990991,8.9 - 10.4,N/A,N/A,N/A,N/A,13.2,3.5,Yes
Ideal,CLASSIC FF 240,4138702,14.7,13.24324324,11.9 - 13.9,N/A,N/A,N/A,N/A,14.5,8.5,Yes
Ideal,Classic NF 30,4142930,11,9.90990991,8.9 - 10.4,N/A,N/A,N/A,N/A,13.9,4,Yes
Ideal,Classic NF 40,4142931,14.7,13.24324324,11.9 - 13.9,N/A,N/A,N/A,N/A,12.7,7.5,Yes
Ideal,Classic FF 330,4139154,10.8,9.72972973,8.8 - 10.2,N/A,N/A,N/A,N/A,12.4,N/A,Yes
Ideal,Logic Code Combi ESP1 26,4734935,26.973,24.3,21.9 - 25.5,N/A,N/A,0.004,350,N/A,N/A,Yes
Ideal,Exclusive 24,4734941,26.973,24.3,21.9 - 25.5,N/A,N/A,0.004,N/A,N/A,N/A,Yes
Ideal,Icos HE 12,4139795,13.542,12.2,11.0 - 12.8,N/A,N/A,0.004,N/A,N/A,N/A,If Combustion Readings Are Unsatisfactory
Ideal,Icos HE 15,4139783,16.761,15.1,13.6 - 15.9,N/A,N/A,0.004,N/A,N/A,N/A,If Combustion Readings Are Unsatisfactory
Ideal,Icos HE 24,4139785,27.084,24.4,22.0 - 25.6,N/A,N/A,0.004,N/A,N/A,N/A,If Combustion Readings Are Unsatisfactory
Ideal,Icos M3080,4139149,27.084,24.4,22.0 - 25.6,N/A,N/A,0.004,N/A,N/A,N/A,If Combustion Readings Are Unsatisfactory
Ideal,Isar HE 24,4734831,26.973,24.3,21.9 - 25.5,N/A,N/A,0.004,N/A,N/A,N/A,If Combustion Readings Are Unsatisfactory
Ideal,Isar HE 30,4734830,33.522,30.2,27.2 - 31.7,N/A,N/A,0.004,N/A,N/A,N/A,If Combustion Readings Are Unsatisfactory
Ideal,Isar HE 35,4734829,39.96,36,32.4 - 37.8,N/A,N/A,0.004,N/A,N/A,N/A,If Combustion Readings Are Unsatisfactory
Ideal,Logic Code Combi 26,4734874,26.973,24.3,21.9 - 25.5,N/A,N/A,0.004,N/A,N/A,N/A,Yes
Ideal,Logic Code Combi ES26,4734904,26.973,24.3,21.9 - 25.5,,N/A,0.004,350,N/A,N/A,Yes
Ideal,Logic Combi 24,4734856,26.973,24.3,21.9 - 25.5,,N/A,0.004,350,N/A,N/A,Yes
Ideal,Logic Combi 30,4734857,33.744,30.4,27.4 - 31.9,,N/A,0.004,350,N/A,N/A,Yes
Ideal,Logic Combi 35,4734858,39.294,35.4,31.9 - 37.2,,N/A,0.004,350,N/A,N/A,Yes
Ideal,Logic Combi C 24,4734918,26.973,24.3,21.9 - 25.5,9.5(+/-0.7),8.8(+/-0.7),0.004,N/A,N/A,N/A,Yes
Ideal,Logic Combi C 30,4734919,33.744,30.4,27.4 - 31.9,9.3(+/-0.7),8.8(+/-0.7),0.004,N/A,N/A,N/A,Yes
Ideal,Logic Combi C 35,4734920,39.294,35.4,31.9 - 37.2,9.5(+/-0.7),8.8(+/-0.7),0.004,N/A,N/A,N/A,Yes
Ideal,Logic Combi ES24,4734901,26.973,24.3,21.9 - 25.5,N/A,N/A,0.004,N/A,N/A,N/A,Yes
Ideal,Logic Combi ES30,4734902,33.744,30.4,27.4 - 31.9,,N/A,0.004,N/A,N/A,N/A,Yes
Ideal,Logic Combi ES35,4734903,39.294,35.4,31.9 - 37.2,,N/A,0.004,N/A,N/A,N/A,Yes
Ideal,Logic Combi ESP24,4734912,26.973,24.3,21.9 - 25.5,,N/A,0.004,350,N/A,N/A,Yes
Ideal,Logic Combi ESP30,4734913,33.744,30.4,27.4 - 31.9,,N/A,0.004,350,N/A,N/A,Yes
Ideal,Logic Combi ESP35,4734914,39.294,35.4,31.9 - 37.2,,N/A,0.004,350,N/A,N/A,Yes
Ideal,Logic Combi ESP1 24,4734921,26.973,24.3,21.9 - 25.5,9.5(+/-0.7),8.8(+/-0.7),0.004,N/A,N/A,N/A,Yes
Ideal,Logic Combi ESP1 30,4734922,33.744,30.4,27.4 - 31.9,9.5(+/-0.7),8.8(+/-0.7),0.004,N/A,N/A,N/A,Yes
Ideal,Logic Combi ESP1 35,4734923,39.294,35.4,31.9 - 37.2,9.5(+/-0.7),8.8(+/-0.7),0.004,N/A,N/A,N/A,Yes
Ideal,Logic Heat 12,4139999,13.431,12.1,10.9 - 12.7,N/A,N/A,0.004,N/A,N/A,N/A,Yes
Ideal,Logic Heat 15,4140993,16.761,15.1,13.6 - 15.9,N/A,N/A,0.004,N/A,N/A,N/A,Yes
Ideal,Logic Heat 18,4140994,20.091,18.1,16.3 - 19.0,N/A,N/A,0.004,N/A,N/A,N/A,Yes
Ideal,Logic Heat 24,4140995,26.973,24.3,21.9 - 25.5,N/A,N/A,0.004,N/A,N/A,N/A,Yes
Ideal,Logic Max System S18,4179614,20.091,18.1,16.3 - 19.0,9.5(+/-0.7),8.8(+/-0.7),0.004,N/A,N/A,N/A,Yes
Ideal,Logic+ CombI 24,4734865,26.973,24.3,21.9 - 25.5,N/A,N/A,0.004,350,N/A,N/A,Yes
Ideal,Logic+ CombI 30,4734866,33.744,30.4,27.4 - 31.9,N/A,N/A,0.004,350,N/A,N/A,Yes
Ideal,Logic+ Combi C 24,4734915,26.973,24.3,21.9 - 25.5,9.5(+/-0.7),8.8(+/-0.7),0.004,N/A,N/A,N/A,Yes
Ideal,Logic+ Combi C 30,4734916,33.744,30.4,27.4 - 31.9,9.3(+/-0.7),8.8(+/-0.7),0.004,N/A,N/A,N/A,Yes
Ideal,Mini C24,4734818,29.526,26.6,23.9 - 27.9,N/A,N/A,0.004,N/A,11.7,1.8,Yes
Main,15 Heat ErP,4146724,16.88,15.2,13.7 - 16.0,9.0(+/-1.0),N/A,0.004,N/A,N/A,N/A,If Ratio is greater than 0.0004
Main,18 Heat ErP,4146725,20.18,18.18,16.4 - 19.1,9.0(+/-1.0),N/A,0.004,N/A,N/A,N/A,If Ratio is greater than 0.0004
Main,Combi 24 HE,4747402,27.52,24.8,22.3 - 26.0,N/A,N/A,N/A,N/A,10.2,2,Yes
Main,Eco Elite 24 System ErP,4146728,28.92,26.05405405,23.4 - 27.4,9.0(+0.0/-0.4),8.4(+0.0/-0.4),0.004,N/A,N/A,N/A,Refer To M.I's
Potterton,Assure Combi 30,4739359,34.33,30.93,27.8 - 32.5,9.0(+0.3/-0.2),8.5(+0.1/-0.4,0.004,N/A,N/A,N/A,Yes
Potterton,Assure 16 Heat,4159267,18.32,26.05,23.4 - 27.4,9.3(+/-0.1),8.9(+/-0.1),0.004,N/A,N/A,N/A,Yes
Potterton,Assure 19 Heat,4159268,21.75,19.59,17.6 - 20.6,9.3(+/-0.1),8.9(+/-0.1),0.004,N/A,N/A,N/A,Yes
Potterton,Assure Combi 36,4739367,40.848,36.8,33.1 - 38.6,9.0(+0.3/-0.2),8.5(+0.1/-0.4,0.004,N/A,N/A,N/A,Yes
Potterton,Gold Combi 24 HE,4759005,27.417,24.7,22.2 - 25.9,8.7(+/-0.2),8.4(+/-0.2),N/A,N/A,N/A,N/A,Yes
Potterton,Gold Combi 28 HE,4759006,32.079,28.9,26.0 - 30.3,8.7(+/-0.2),8.4(+/-0.2),N/A,N/A,N/A,N/A,Yes
Potterton,Heatmax Combi 24 HE,4739327,27.417,24.7,22.2 - 25.9,8.7(+/-0.2),8.4(+/-0.2),N/A,N/A,N/A,N/A,Refer To M.I's
Potterton,KINGFISHER CF40,4158902,16.2615,14.65,13.2 - 15.4,N/A,N/A,N/A,N/A,14.2,8.4,Yes
Potterton,Performa 24,4739306,26.3,23.69,21.3 - 24.9,N/A,N/A,N/A,N/A,12.2(+/-0.5),2.5(+/-0.2),Yes
Potterton,Performa 24 Eco HE,4739311,27.528,24.8,22.3 - 26.0,N/A,N/A,N/A,N/A,10.2(+/-0.5),2.0(+/-0.3),Yes
Potterton,Prima 50F,4160703,20.3352,18.32,16.5 - 19.2,N/A,N/A,N/A,N/A,11,7,Yes
Potterton,Prima 30F,4160701,12.1989,10.99,9.9 - 11.5,N/A,N/A,N/A,N/A,8.4,3.9,Yes
Potterton,Prima 40F,4160702,16.2615,14.65,13.2 - 15.4,N/A,N/A,N/A,N/A,11.3,6.5,Yes
Potterton,Promax 15 System ErP,4159243,18.981,17.1,15.4 - 18.0,8.7(+/-0.2),8.4(+/-0.2),0.004,N/A,N/A,N/A,Yes
Potterton,Promax 15 HE,4159058,18.7368,16.88,15.2 - 17.7,N/A,N/A,N/A,N/A,N/A,N/A,Yes
Potterton,Promax 24 HE,4159062,27.195,24.5,22.1 - 25.7,N/A,N/A,N/A,N/A,N/A,N/A,Yes
Potterton,Promax 28 Combi ERP,4739348,32.1,28.91891892,26.0 - 30.4,8.7(+/-0.2),8.4(+/-0.2),0.004,N/A,N/A,N/A,Yes
Potterton,Promax Combi 28 HE Plus,4759004,32.079,28.9,26.0 - 30.3,8.7(+/-0.2),8.4(+/-0.2),0.004,N/A,N/A,N/A,Yes
Potterton,Promax Combi 33 HE Plus,4759003,37.74,34,30.6 - 35.7,8.7(+/-0.2),8.4(+/-0.2),0.004,N/A,N/A,N/A,Yes
Potterton,Promax SL15 Heat ErP,4159235,16.88,15.20720721,13.7 - 16.0,9.0(+/-1.0),N/A,0.004,N/A,N/A,N/A,Yes
Potterton,Promax Ultra 28 Combi Erp,4739355,32.1,28.91891892,26.0 - 30.4,9.0(+/-0.7),9.0(+/-0.7),0.004,N/A,N/A,N/A,Yes
Potterton,Promax Ultra 33 Combi Erp,4739356,37.8,34.05405405,30.6 - 35.8,9.0(+/-0.7),9.0(+/-0.7),0.004,N/A,N/A,N/A,Yes
Potterton,SUPRIMA 30,4160775,12.21,11,9.9 - 11.6,N/A,N/A,N/A,N/A,9.3,4.1,Yes
Potterton,SUPRIMA 40,4160776,16.317,14.7,13.2 - 15.4,N/A,N/A,N/A,N/A,11.2,6.1,Yes
Remeha,Avanta plus 24s,4128801,26.64,24,21.6 - 25.2,8.8(+/-0.1),8.8(+/-0.1),N/A,200,N/A,N/A,If Combustion Readings Are Unsatisfactory
Remeha,Avanta Plus 28c,4767302,31.08,28,25.2 - 29.4,8.8(+/-0.1),8.8(+/-0.1),N/A,200,N/A,N/A,If Combustion Readings Are Unsatisfactory
Vaillant,EcoFIT Sustain 825,4704471,28.527,25.7,23.1 - 27.0,9.2(+/-1.0),N/A,0.0027,250,N/A,N/A,Every 5 Years
Vaillant,EcoFIT Sustain 830,4704472,33.966,30.6,27.5 - 32.1,9.2(+/-1.0),N/A,0.0027,250,N/A,N/A,Every 5 Years
Vaillant,EcoFIT Sustain 835,4704473,39.627,35.7,32.1 - 37.5,9.2(+/-1.0),N/A,0.0027,250,N/A,N/A,Every 5 Years
Vaillant,EcoMAX 824/2E,4704412,25.53,23,20.7 - 24.2,9.2(+/-1.0),N/A,N/A,250,N/A,N/A,Every 5 Years
Vaillant,EcoTEC Plus 415,4104453,16.983,15.3,13.8 - 16.1,9.3(+0.2/-0.5),N/A,N/A,N/A,N/A,N/A,Every 5 Years
Vaillant,EcoTEC Plus 418,4104454,20.979,18.9,17.0 - 19.8,9.3(+0.2/-0.5),N/A,N/A,N/A,N/A,N/A,Every 5 Years
Vaillant,EcoTEC Plus 428,4104455,31.746,28.6,25.7 - 30.0,9.3(+0.2/-0.5),N/A,N/A,N/A,N/A,N/A,Every 5 Years
Vaillant,EcoTEC Plus 612,4104444,13.32,12,10.8 - 12.6,9.2(+/-1.0),N/A,N/A,250,N/A,N/A,Every 5 Years
Vaillant,EcoTEC Plus 615,4104445,16.65,15,13.5 - 15.8,9.2(+/-1.0),N/A,N/A,250,N/A,N/A,Every 5 Years
Vaillant,EcoTEC Plus 618,4104446,19.98,18,16.2 - 18.9,9.2(+/-1.0),N/A,N/A,250,N/A,N/A,Every 5 Years
Vaillant,EcoTEC Plus 824,4704431,25.53,23,20.7 - 24.2,9.2(+/-1.0),N/A,N/A,250,N/A,N/A,Every 5 Years
Vaillant,EcoTEC Plus 825,4704457,28.749,25.9,23.3 - 27.2,9.2(+/-1.0),N/A,0.0031,250,N/A,N/A,Every 5 Years
Vaillant,EcoTEC Pro 24,4704436,25.53,23,20.7 - 24.2,9.2(+/-1.0),N/A,N/A,250,N/A,N/A,Every 5 Years
Vaillant,EcoTEC Pro 28,4704430,31.08,28,25.2 - 29.4,9.2(+/-1.0),N/A,N/A,250,N/A,N/A,Every 5 Years
Vaillant,EcoTEC Sustain 24,4704479,27.084,24.4,22.0 - 25.6,9.2(+/-1.0),N/A,0.0031,250,N/A,N/A,Every 5 Years
Vaillant,ecoTec Sustain 28,4704480,31.635,28.5,25.7 - 29.9,9.2(+/-1.0),N/A,0.0031,250,N/A,N/A,Every 5 Years
Vaillant,ecoTec Sustain 34,4704481,38.406,34.6,31.1 - 36.3,9.2(+/-1.0),N/A,0.0031,250,N/A,N/A,Every 5 Years
Vaillant,Home Combi 25,4704462,28.527,25.7,23.1 - 27.0,9.2(+/-1.0),N/A,0.0027,250,N/A,N/A,Every 5 Years
Vaillant,Home Combi 30 ,4704463,33.966,30.6,27.5 - 32.1,9.2(+/-1.0),N/A,0.0027,250,N/A,N/A,Every 5 Years
Vaillant,Home Combi 35,4704464,39.627,35.7,32.1 - 37.5,9.2(+/-1.0),N/A,0.0027,250,N/A,N/A,Every 5 Years
Vaillant,Home System 15,4104495,16.983,15.3,13.8 - 16.1,9.2(+/-1.0),N/A,0.0027,250,N/A,N/A,Every 5 Years
Vaillant,Home System 18,4104496,20.424,18.4,16.6 - 19.3,9.2(+/-1.0),N/A,0.0027,250,N/A,N/A,Every 5 Years
Vaillant,ThermoCompact 615/2 E VU GB 152/2-5,4104423,18.315,16.5,14.9 - 17.3,N/A,N/A,N/A,N/A,9.9,2.2,Yes
Vaillant,TURBOmax 242 E,4704425,32.523,29.3,26.4 - 30.8,N/A,N/A,N/A,N/A,10(+/-1.0),2,Yes
Vaillant,TURBOmax 282,4704426,37.962,34.2,30.8 - 35.9,N/A,N/A,N/A,N/A,10.6(+/-1.0),N/A,Yes
Vaillant,TURBOMAX 824 E,4004404,29.637,26.7,24.0 - 28.0,N/A,N/A,N/A,N/A,9.8,N/A,Yes
Viessmann,Vitodens 100-W WB1C Combi 30kW,4781921,33.3,30,27.0 - 31.5,between 7.4 and 10.5,between 7.4 and 10.5,N/A,N/A,N/A,N/A,Yes
Viessmann,Vitodens 100-W WB1B 16kW,4181922,16.65,15,13.5 - 15.8,between 7.4 and 10.5,between 7.4 and 10.5,0.004,N/A,N/A,N/A,Yes
Viessmann,Vitodens 100-W WB1B System 26kW,4181918,28.86,26,23.4 - 27.3,between 7.4 and 10.5,between 7.4 and 10.5,0.008,500,N/A,N/A,Yes
Viessmann,Vitodens 100-W WB1B 13kW,4181921,13.542,12.2,11.0 - 12.8,between 7.4 and 10.5,between 7.4 and 10.5,0.004,N/A,N/A,N/A,Yes
Viessmann,Vitodens 100-W WB1B Combi 26kW,4781912,28.86,26,23.4 - 27.3,between 7.4 and 10.5,between 7.4 and 10.5,0.008,500,N/A,N/A,Yes
Viessmann,Vitodens 100-W WB1C Combi 26kW,4781920,28.86,26,23.4 - 27.3,between 7.4 and 10.5,between 7.4 and 10.5,N/A,N/A,N/A,N/A,Yes
Worcester,Greenstar 12i System,4131167,13.6752,12.32,11.1 - 12.9,9.65(+/-0.5),8.65(+/-0.5),0.002,200,N/A,N/A,If Fan Pressure Is Less Than -3.9mb
Worcester,24CDi,4731130,29.97,27,24.3 - 28.4,N/A,N/A,N/A,N/A,14.8,1.5,Yes
Worcester,Greenstar 24i System,4131168,27.3282,24.62,22.2 - 25.9,9.8(+/-0.5),9.2(+/-0.5),0.002,200,N/A,N/A,If Fan Pressure Is Less Than -4.1mb
Worcester,24i Junior,4731169,28.749,25.9,23.3 - 27.2,between 6.5 and 7.5%,N/A,between 0.002 and 0.010,N/A,13.6,1.4,Yes
Worcester,24i RSF,4731137,28.9155,26.05,23.4 - 27.4,N/A,N/A,N/A,N/A,13.6,1,Yes
Worcester,28Si,4731151,34.521,31.1,28.0 - 32.7,N/A,N/A,N/A,N/A,14.1,0.7,Yes
Worcester,Greenstar 25i ErP,4740660,28.3161,25.51,23.0 - 26.8,between 9.0 and 10.8%above 8.2%,between 8.0 and 10.6%,0.002,200,N/A,N/A,If Fan Pressure Is Less Than -4.5mb
Worcester,28CDI,4731134,34.965,31.5,28.4 - 33.1,N/A,N/A,N/A,N/A,10.8,1,Yes
Worcester,28i Junior,4731170,33.3,30,27.0 - 31.5,between 6.5 and 7.5%,N/A,between 0.002 and 0.010,N/A,14.7,1.2,Yes
Worcester,28i RSF,4731154,33.3,30,27.0 - 31.5,N/A,N/A,N/A,N/A,13.5,1,Yes
Worcester,Greenstar 30i ErP,4740662,33.9771,30.61,27.5 - 32.1,between 9.0 and 10.8%above 8.2%,between 8.0 and 10.6%,0.002,200,N/A,N/A,If Fan Pressure Is Less Than -6.2mb
Worcester,Greenstar 32 CDi,4740646,36.2415,32.65,29.4 - 34.3,9.1(+1.0/-0.5),8.5(+/-1.0),0.0025,250,N/A,N/A,If Fan Preesure Is Less Than -4.4mb
Worcester,4000  25c,4780030,27.195,24.5,22.1 - 25.7,between 8.4 and 10.4%,between 8.0 and 10.2%,0.0025,250,N/A,N/A,If Fan Pressure Is Less Than -3.8mb
Worcester,4000 30c,4780032,32.634,29.4,26.5 - 30.9,between 8.4 and 10.4%,between 8.0 and 10.2%,0.0025,250,N/A,N/A,If Fan Pressure Is Less Than -5.1mb
Worcester,4000 24s,4780015,27.306,24.6,22.1 - 25.8,between 8.4 and 10.4%,between 8.0 and 10.2%,0.0025,250,N/A,N/A,If Fan Pressure Is Less Than -3.4mb
Worcester,Greenstar 12Ri,4131163,13.6752,12.32,11.1 - 12.9,9.8(+/-0.5),9.2(+/-0.5),0.002,200,N/A,N/A,If Fan Pressure Is Less Than -3.6mb
Worcester,Greenstar 15 Ri ErP+,4140676,17.094,15.4,13.9 - 16.2,9.8(+/-0.5),9.2(+/-0.5),0.002,200,N/A,N/A,If Fan Pressure Is Less Than -5.4mb
Worcester,Greenstar 15i System,4131184,17.094,15.4,13.9 - 16.2,9.8(+/-0.5),9.2(+/-0.5),0.002,200,N/A,N/A,If Fan Pressure Is Less Than -5.8mb
Worcester,Greenstar 15i Erp,4140643,17.094,15.4,13.9 - 16.2,9.8(+/-0.5),9.2(+/-0.5),0.002,200,N/A,N/A,If Fan Pressure Is Less Than -5.5mb
Worcester,Greenstar 15Ri,4131175,17.094,15.4,13.9 - 16.2,9.8(+/-0.5),9.2(+/-0.5),0.002,200,N/A,N/A,If Fan Pressure Is Less Than -5.5mb
Worcester,Greenstar 18i System,4131186,20.5128,18.48,16.6 - 19.4,9.8(+/-0.5),9.2(+/-0.5),0.002,200,N/A,N/A,If Fan Pressure Is Less Than -8mb
Worcester,Greenstar 18Ri,4131177,20.5128,18.48,16.6 - 19.4,9.8(+/-0.5),9.2(+/-0.5),0.002,200,N/A,N/A,If Fan Pressure Is Less Than -7.4mb
Worcester,Greenstar 2000 25c,4780026,28.305,25.5,23.0 - 26.8,between 9.0 and 10.8%above 8.2%,,0.0025,250,N/A,N/A,If Fan Pressure Is Less Than -3.2mb
Worcester,Greenstar 25Si,4731184,28.3161,25.51,23.0 - 26.8,9.8(+/-0.5),9.2(+/-0.5),0.002,200,N/A,N/A,If Fan Pressure Is Less Than -3.3mb
Worcester,Greenstar 24i Junior,4731186,27.1839,24.49,22.0 - 25.7,9.8(+/-0.5),9.2(+/-0.5),0.002,200,N/A,N/A,If Fan Pressure Is Less Than -3.1mb
Worcester,Greenstar 29Cdi,4740634,34.299,30.9,27.8 - 32.4,9.6(+/-0.4),9.0(+/-0.4),0.002,200,N/A,N/A,If Fan Pressure Is Less Than -3.9mb
Worcester,Greenstar 30CDi,4740614,35.52,32,28.8 - 33.6,9.6(+/-0.4),9.0(+/-0.4),0.002,200,N/A,N/A,If Fan Pressure Is Less Than -4.1mb
Worcester,Greenstar 30Si,4731185,33.9771,30.61,27.5 - 32.1,9.8(+/-0.5),9.2(+/-0.5),0.002,200,N/A,N/A,If Fan Pressure Is Less Than -3.1mb
Worcester,Greenstar 28i Junior,4731187,31.7127,28.57,25.7 - 30.0,9.8(+/-0.5),9.2(+/-0.5),0.002,200,N/A,N/A,If Fan Pressure Is Less Than -3.9mb
Worcester,Greenstar 24Ri,4131165,27.3282,24.62,22.2 - 25.9,9.8(+/-0.5),9.2(+/-0.5),0.002,200,N/A,N/A,If Fan Pressure Is Less Than -3.1mb
Worcester,Greenstar 28 Cdi Compact ,4731144,31.7127,28.57,25.7 - 30.0,9.1(+1.0/-0.5),8.5(+/-1.0),0.0025,250,N/A,N/A,If Fan Preesure Is Less Than -3.5mb
Worcester,R 30 HE Plus,4131179,32.745,29.5,26.6 - 31.0,9.2,8.8,0.002,200,N/A,N/A,If Fan Pressure Is Less Than -5.2mb
Worcester,Greenstar 28i Junior MkV,4740656,31.7127,28.57,25.7 - 30.0,9.8(+/-0.5),9.2(+/-0.5),0.002,200,N/A,N/A,If Fan Pressure Is Less Than -3.9mb
Potterton,Promax Combi 33 HE Plus A,4739323,37.74,34,30.6 - 35.7,8.7(+/-0.2),8.4(+/-0.2),0.004,N/A,N/A,N/A,Yes
Potterton,Promax Combi 24 HE Plus A,4739321,27.417,24.7,22.2 - 25.9,8.7(+/-0.2),8.4(+/-0.2),0.004,N/A,N/A,N/A,Yes
Potterton,Promax Combi 28 HE Plus A,4739322,32.079,28.9,26.0 - 30.3,8.7(+/-0.2),8.4(+/-0.2),0.004,N/A,N/A,N/A,Yes
Potterton,Suprima 30 HE,4107535,10.22,9.207207207,8.3 - 9.7,N/A,N/A,N/A,N/A,8.6,N/A,Yes
Potterton,Suprima 40 HE,4107536,13.62,12.27027027,11.0 - 12.9,N/A,N/A,N/A,N/A,10.4,N/A,Yes
Potterton,Suprima 50 HE,4107537,17.04,15.35135135,13.8 - 16.1,N/A,N/A,N/A,N/A,9,N/A,Yes
Potterton,Suprima 60 HE,4107538,20.43,18.40540541,16.6 - 19.3,N/A,N/A,N/A,N/A,8.4,N/A,Yes
Potterton,Suprima 70 HE,4107539,23.84,21.47747748,19.3 - 22.6,N/A,N/A,N/A,N/A,11.4,N/A,Yes
Potterton,Suprima 80 HE,4107540,27.25,24.54954955,22.1 - 25.8,N/A,N/A,N/A,N/A,12.8,N/A,Yes
Potterton,Suprima 30L,4159042,12.21,11,9.9 - 11.6,N/A,N/A,N/A,N/A,9.3,N/A,Yes
Potterton,Suprima 40L,4159043,16.317,14.7,13.2 - 15.4,N/A,N/A,N/A,N/A,11.2,N/A,Yes
Potterton,Suprima 50L,4159044,20.313,18.3,16.5 - 19.2,N/A,N/A,N/A,N/A,10.3,N/A,Yes
Potterton,Suprima 60L,4159045,24.42,22,19.8 - 23.1,N/A,N/A,N/A,N/A,9.2,N/A,Yes
Potterton,Suprima 70L,4159046,28.416,25.6,23.0 - 26.9,N/A,N/A,N/A,N/A,13.4,N/A,Yes
Potterton,Suprima 80L,4159047,32.523,29.3,26.4 - 30.8,N/A,N/A,N/A,N/A,13.9,N/A,Yes
Potterton,Suprima 100L,4159048,39.849,35.9,32.3 - 37.7,N/A,N/A,N/A,N/A,13.6,N/A,Yes
Potterton,Promax System HE,4159069,37.4736,33.76,30.4 - 35.4,N/A,N/A,N/A,N/A,N/A,N/A,Yes
Potterton,Promax 12 SL,4159179,13.34,12.01801802,10.8 - 12.6,9.0 (+/-1.0),N/A,0.004,N/A,N/A,N/A,If Combustion Readings Are Unsatisfactory
Potterton,Promax 15 SL,4159187,16.88,15.20720721,13.7 - 16.0,9.0 (+/-1.0),N/A,0.004,N/A,N/A,N/A,If Combustion Readings Are Unsatisfactory
Potterton,Promax 18 SL,4159180,20.18,18.18018018,16.4 - 19.1,9.0 (+/-1.0),N/A,0.004,N/A,N/A,N/A,If Combustion Readings Are Unsatisfactory
Potterton,Promax 24 SL,4159188,24.5,22.07207207,19.9 - 23.2,9.0 (+/-1.0),N/A,0.004,N/A,N/A,N/A,If Combustion Readings Are Unsatisfactory
Potterton,Promax 30 SL,4159189,33.76,30.41441441,27.4 - 31.9,9.0 (+/-1.0),N/A,0.004,N/A,N/A,N/A,If Combustion Readings Are Unsatisfactory
Potterton,Promax System 12 HE Plus,4159190,13.764,12.4,11.2 - 13.0,8.7 (+/-0.2),8.4 (+/-0.2),0.004,N/A,N/A,N/A,If Combustion Readings Are Unsatisfactory
Potterton,Promax System 15 HE Plus,4159191,17.094,15.4,13.9 - 16.2,8.7 (+/-0.2),8.4 (+/-0.2),0.004,N/A,N/A,N/A,If Combustion Readings Are Unsatisfactory
Potterton,Promax System 18 HE Plus,4159192,20.535,18.5,16.7 - 19.4,8.7 (+/-0.2),8.4 (+/-0.2),0.004,N/A,N/A,N/A,If Combustion Readings Are Unsatisfactory
Potterton,Promax System 32 HE Plus,4159193,36.408,32.8,29.5 - 34.4,8.7 (+/-0.2),8.4 (+/-0.2),0.004,N/A,N/A,N/A,If Combustion Readings Are Unsatisfactory
Potterton,Promax System 12 HE Plus A,4159199,13.764,12.4,11.2 - 13.0,8.7 (+/-0.2),8.4 (+/-0.2),0.004,N/A,N/A,N/A,Yes
Potterton,Promax System 15 HE Plus A,4259201,17.094,15.4,13.9 - 16.2,8.7 (+/-0.2),8.4 (+/-0.2),0.004,N/A,N/A,N/A,Yes
Potterton,Promax System 18 HE Plus A,4259202,20.535,18.5,16.7 - 19.4,8.7 (+/-0.2),8.4 (+/-0.2),0.004,N/A,N/A,N/A,Yes
Potterton,Promax System 24 HE Plus A,4259203,27.417,24.7,22.2 - 25.9,8.7 (+/-0.2),8.4 (+/-0.2),0.004,N/A,N/A,N/A,Yes
Potterton,Promax System 32 HE Plus A,4259204,36.408,32.8,29.5 - 34.4,8.7 (+/-0.2),8.4 (+/-0.2),0.004,N/A,N/A,N/A,Yes
Potterton,Gold System 18 HE A,4159215,20.535,18.5,16.7 - 19.4,8.7 (+/-0.2),8.4 (+/-0.2),0.004,N/A,N/A,N/A,Yes
Potterton,Gold System 24 HE A,4159216,27.417,24.7,22.2 - 25.9,8.7 (+/-0.2),8.4 (+/-0.2),0.004,N/A,N/A,N/A,Yes
Potterton,Gold System 28 HE A,4159217,32.079,28.9,26.0 - 30.3,8.7 (+/-0.2),8.4 (+/-0.2),0.004,N/A,N/A,N/A,Yes
Potterton,Gold 18 System ErP,4159239,20.5,18.46846847,16.6 - 19.4,8.7 (+/-0.2),8.4 (+/-0.2),0.004,N/A,N/A,N/A,Yes
Potterton,Gold 24 System ErP,4159240,27.4,24.68468468,22.2 - 25.9,8.7 (+/-0.2),8.4 (+/-0.2),0.004,N/A,N/A,N/A,Yes
Potterton,Gold 28 System ErP,4159241,32.1,28.91891892,26.0 - 30.4,8.7 (+/-0.2),8.4 (+/-0.2),0.004,N/A,N/A,N/A,Yes
Baxi,Solo 15 HE A,4107566,16.88,15.20720721,13.7 - 16.0,9.0 (+/-1.0),N/A,0.004,N/A,N/A,N/A,Yes
Baxi,Solo 12 HE A,4107565,13.34,12.01801802,10.8 - 12.6,9.0 (+/-1.0),N/A,0.004,N/A,N/A,N/A,Yes
Baxi,Solo 24 HE A,4107568,24.5,22.07207207,19.9 - 23.2,9.0 (+/-1.0),N/A,0.004,N/A,N/A,N/A,Yes
Baxi,Solo 30 HE A,4107569,33.76,30.41441441,27.4 - 31.9,9.0 (+/-1.0),N/A,0.004,N/A,N/A,N/A,Yes
Baxi,Solo 12 HE,4107550,13.34,12.01801802,10.8 - 12.6,9.0 (+/-1.0),N/A,0.004,N/A,N/A,N/A,Yes
Baxi,Solo 18 HE,4107551,20.18,18.18018018,16.4 - 19.1,9.0 (+/-1.0),N/A,0.004,N/A,N/A,N/A,Yes
Baxi,Solo 24 HE,4107545,24.5,22.07207207,19.9 - 23.2,9.0 (+/-1.0),N/A,0.004,N/A,N/A,N/A,Yes
Baxi,Solo 30 HE ,4107544,33.76,30.41441441,27.4 - 31.9,9.0 (+/-1.0),N/A,0.004,N/A,N/A,N/A,Yes
Ideal,Logic Heat 30,4140996,33.744,30.4,27.4 - 31.9,N/A,N/A,0.004,N/A,N/A,N/A,Yes
Ideal,Logic Heat H12,4175077,13.431,12.1,10.9 - 12.7,9.1(+/-0.7),8.5(+/-0.7,0.004,N/A,N/A,N/A,Yes
Ideal,Logic Heat H15,4175078,16.761,15.1,13.6 - 15.9,9.3(+/-0.7),8.8(+/-0.7),0.004,N/A,N/A,N/A,Yes
Ideal,Logic Heat H18,4175079,20.091,18.1,16.3 - 19.0,9.5(+/-0.7),8.9(+/-0.7),0.004,N/A,N/A,N/A,Yes
Ideal,Logic Heat H24,4175080,26.973,24.3,21.9 - 25.5,9.5(+/-0.7),8.8(+/-0.7),0.004,N/A,N/A,N/A,Yes
Ideal,Logic Heat H30,4175081,33.744,30.4,27.4 - 31.9,9.3(+/-0.7),8.8(+/-0.7),0.004,N/A,N/A,N/A,Yes
Ideal,Logic Heat2 H12,4186010,13.431,12.1,10.9 - 12.7,9.1(+/-0.7),8.5(+/-0.7,0.004,N/A,N/A,N/A,Yes
Ideal,Logic Heat2 H15,4186011,16.761,15.1,13.6 - 15.9,9.4(+/-0.7),8.8(+/-0.7),0.004,N/A,N/A,N/A,Yes
Ideal,Logic Heat2 H18,4186012,20.091,18.1,16.3 - 19.0,9.3(+/-0.7),8.7(+/-0.7),0.004,N/A,N/A,N/A,Yes
Ideal,Logic Heat2 H24,4186013,26.973,24.3,21.9 - 25.5,9.3(+/-0.7),8.4(+/-0.7),0.004,N/A,N/A,N/A,Yes
Ideal,Logic Heat2 H30,4186014,33.744,30.4,27.4 - 31.9,9.7(+/-0.7),8.8(+/-0.7),0.004,N/A,N/A,N/A,Yes
Ideal,Logic System 15,4175024,16.761,15.1,13.6 - 15.9,N/A,N/A,0.004,N/A,N/A,N/A,Yes
Ideal,Logic System 18,4175025,20.091,18.1,16.3 - 19.0,N/A,N/A,0.004,N/A,N/A,N/A,Yes
Ideal,Logic System 24,4175026,26.973,24.3,21.9 - 25.5,N/A,N/A,0.004,N/A,N/A,N/A,Yes
Ideal,Logic System 30,4175027,33.744,30.4,27.4 - 31.9,N/A,N/A,0.004,N/A,N/A,N/A,Yes
Ideal,Logic System S15,4175061,16.761,15.1,13.6 - 15.9,9.3(+/-0.7),8.8(+/-0.7),0.004,N/A,N/A,N/A,Yes
Ideal,Logic System S18,4175062,20.091,18.1,16.3 - 19.0,9.5(+/-0.7),8.9(+/-0.7),0.004,N/A,N/A,N/A,Yes
Ideal,Logic System S24,4175063,26.973,24.3,21.9 - 25.5,9.5(+/-0.7),8.8(+/-0.7),0.004,N/A,N/A,N/A,Yes
Ideal,Logic System S30,4175064,33.744,30.4,27.4 - 31.9,9.3(+/-0.7),8.8(+/-0.7),0.004,N/A,N/A,N/A,Yes
Ideal,Logic System2 S15,4179685,16.761,15.1,13.6 - 15.9,9.5(+/-0.7),8.9(+/-0.7),0.004,N/A,N/A,N/A,Yes
Ideal,Logic System2 S18,4179686,20.091,18.1,16.3 - 19.0,9.3(+/-0.7),8.3(+/-0.7),0.004,N/A,N/A,N/A,Yes
Ideal,Logic System2 S24,4179687,26.973,24.3,21.9 - 25.5,9.2(+/-0.7),8.5(+/-0.7),0.004,N/A,N/A,N/A,Yes
Ideal,Logic System2 S30,4179688,33.744,30.4,27.4 - 31.9,9.6(+/-0.7),8.7(+/-0.7),0.004,N/A,N/A,N/A,Yes
Ideal,Icos HE 18,4139784,20.757,18.7,16.8 - 19.6,N/A,N/A,0.004,N/A,N/A,N/A,Yes
Ideal,Icos HE 30,4139910,34.077,30.7,27.6 - 32.2,N/A,N/A,0.004,N/A,N/A,N/A,Yes
Ideal,Icos HE 36,4139916,41.625,37.5,33.8 - 39.4,N/A,N/A,0.004,N/A,N/A,N/A,Yes
Ideal,Icos m3080 System,4139152,27.084,24.4,22.0 - 25.6,N/A,N/A,0.004,N/A,N/A,N/A,Yes
Ideal,Icos He 15 System,4142199,16.761,15.1,13.6 - 15.9,N/A,N/A,0.004,N/A,N/A,N/A,Yes
Ideal,Icos HE 24 System,4139782,27.084,24.4,22.0 - 25.6,N/A,N/A,0.004,N/A,N/A,N/A,Yes
Potterton,Promax Combi 24 HE Plus,4739317,22.25225225,24.7,22.2 - 25.9,8.7 (+/-0.2),8.4 (+/-0.2),0.004,N/A,N/A,N/A,Yes
Potterton,Gold Combi 33 HE,4759019,30.63063063,34,30.6 - 35.7,8.7 (+/-0.2),8.4 (+/-0.2),0.004,N/A,N/A,N/A,Yes
Potterton,Gold Combi 24 HE A,4739318,22.25225225,24.7,22.2 - 25.9,8.7 (+/-0.2),8.4 (+/-0.2),0.004,N/A,N/A,N/A,Yes
Potterton,Gold Combi 28 HE A,4739319,26.03603604,28.9,26.0 - 30.3,8.7 (+/-0.2),8.4 (+/-0.2),0.004,N/A,N/A,N/A,Yes
Potterton,Gold Combi 32 HE A,4739320,30.63063063,34,30.6 - 35.7,8.7 (+/-0.2),8.4 (+/-0.2),0.004,N/A,N/A,N/A,Yes
Potterton,Gold H 15,4159212,16.88,15.20720721,13.7 - 16.0,9.0 (+/-1.0),N/A,0.004,N/A,N/A,N/A,Yes
Potterton,Gold H 18,4159213,20.18,18.18018018,16.4 - 19.1,9.0 (+/-1.0),N/A,0.004,N/A,N/A,N/A,Yes
Potterton,Gold H 24,4159214,24.5,22.07207207,19.9 - 23.2,9.0 (+/-1.0),N/A,0.004,N/A,N/A,N/A,Yes
Potterton,Promax SL18 Heat ErP,4159236,20.18,18.18018018,16.4 - 19.1,9.0 (+/-1.0),N/A,0.004,N/A,N/A,N/A,Yes
Potterton,Promax SL24 Heat ErP,4159237,24.5,22.07207207,19.9 - 23.2,9.0 (+/-1.0),N/A,0.004,N/A,N/A,N/A,Yes
Potterton,Promax 12 System ErP,4159242,15.318,13.8,12.4 - 14.5,8.7 (+/-0.2),8.4 (+/-0.2),0.004,N/A,N/A,N/A,Yes
Potterton,Promax 18 System ErP,4159244,22.755,20.5,18.5 - 21.5,8.7 (+/-0.2),8.4 (+/-0.2),0.004,N/A,N/A,N/A,Yes
Potterton,Promax 24 System ErP,4159245,30.414,27.4,24.7 - 28.8,8.7 (+/-0.2),8.4 (+/-0.2),0.004,N/A,N/A,N/A,Yes
Potterton,Promax 32 System ErP,4159246,40.404,36.4,32.8 - 38.2,8.7 (+/-0.2),8.4 (+/-0.2),0.004,N/A,N/A,N/A,Yes
Potterton,Gold 15 Heat Erp,4159251,16.88,15.20720721,13.7 - 16.0,9.0 (+/-1.0),N/A,0.004,N/A,N/A,N/A,Yes
Potterton,Gold 18 Heat Erp,4159252,20.18,18.18018018,16.4 - 19.1,9.0 (+/-1.0),N/A,0.004,N/A,N/A,N/A,Yes
Potterton,Gold 24 Heat Erp,4159253,24.5,22.07207207,19.9 - 23.2,9.0 (+/-1.0),N/A,0.004,N/A,N/A,N/A,Yes
Potterton,Assure System 12,4159412,13.764,12.4,11.2 - 13.0,9.0(+0.3/-0.2),8.5(+0.1/-0.4),0.004,N/A,N/A,N/A,Yes
Potterton,Assure System 15,4159254,17.1606,15.46,13.9 - 16.2,9.0(+0.3/-0.2),8.5(+0.1/-0.4),0.004,N/A,N/A,N/A,Yes
Potterton,Assure System 18,4159255,20.6016,18.56,16.7 - 19.5,9.0(+0.3/-0.2),8.5(+0.1/-0.4),0.004,N/A,N/A,N/A,Yes
Potterton,Assure System 24,4159413,27.417,24.7,22.2 - 25.9,9.0(+0.3/-0.2),8.5(+0.1/-0.4),0.004,N/A,N/A,N/A,Yes
Potterton,Ultra 12 Heat,4159256,14.88,13.40540541,12.1 - 14.1,9.3(+/-0.1),8.9(+/-0.1),0.004,N/A,N/A,N/A,Yes
Potterton,Ultra 15 Heat,4159257,18.32,16.5045045,14.9 - 17.3,9.3(+/-0.1),8.9(+/-0.1),0.004,N/A,N/A,N/A,Yes
Potterton,Ultra 18 Heat,4159258,21.75,19.59459459,17.6 - 20.6,9.3(+/-0.1),8.9(+/-0.1),0.004,N/A,N/A,N/A,Yes
Potterton,Ultra 21 Heat,4159259,24.04,21.65765766,19.5 - 22.7,9.3(+/-0.1),8.9(+/-0.1),0.004,N/A,N/A,N/A,Yes
Potterton,Ultra 24 Heat,4159260,28.62,25.78378378,23.2 - 27.1,9.3(+/-0.1),8.9(+/-0.1),0.004,N/A,N/A,N/A,Yes
Potterton,Titanium 12 Heat,4159261,14.88,13.40540541,12.1 - 14.1,9.3(+/-0.1) MUST be a difference of 0.4% between max and min co2 readings,8.9(+/-0.1),0.004,N/A,N/A,N/A,Yes
Potterton,Titanium 15 Heat,4159262,18.32,16.5045045,14.9 - 17.3,9.3(+/-0.1) MUST be a difference of 0.4% between max and min co2 readings,8.9(+/-0.1),0.004,N/A,N/A,N/A,Yes
Potterton,Titanium 18 Heat,4159263,21.75,19.59459459,17.6 - 20.6,9.3(+/-0.1) MUST be a difference of 0.4% between max and min co2 readings,8.9(+/-0.1),0.004,N/A,N/A,N/A,Yes
Potterton,Titanium 24 Heat,4159264,28.62,25.78378378,23.2 - 27.1,9.3(+/-0.1) MUST be a difference of 0.4% between max and min co2 readings,8.9(+/-0.1),0.004,N/A,N/A,N/A,Yes
Potterton,Titanium 30 Heat,4159265,34.35,30.94594595,27.9 - 32.5,9.3(+/-0.1) MUST be a difference of 0.4% between max and min co2 readings,8.9(+/-0.1),0.004,N/A,N/A,N/A,Yes
Potterton,Assure 13 Heat,4159266,14.88,13.40540541,12.1 - 14.1,9.3(+/-0.1) MUST be a difference of 0.4% between max and min co2 readings,8.9(+/-0.1),0.004,N/A,N/A,N/A,Yes
Potterton,Assure 25 Heat,4159269,28.62,25.78378378,23.2 - 27.1,9.3(+/-0.1) MUST be a difference of 0.4% between max and min co2 readings,8.9(+/-0.1),0.004,N/A,N/A,N/A,Yes
Potterton,Assure 30 Heat,4159270,34.35,30.94594595,27.9 - 32.5,9.3(+/-0.1) MUST be a difference of 0.4% between max and min co2 readings,8.9(+/-0.1),0.004,N/A,N/A,N/A,Yes
Potterton,Ultra 12 System,4159271,13.3,11.98198198,10.8 - 12.6,9.0 (+/-0.7),9.0 (+/-0.7),0.004,N/A,N/A,N/A,Yes
Potterton,Ultra 15 System,4159272,16.7,15.04504505,13.5 - 15.8,9.0 (+/-0.7),9.0 (+/-0.7),0.004,N/A,N/A,N/A,Yes
Potterton,Ultra 18 System,4159273,20,18.01801802,16.2 - 18.9,9.0 (+/-0.7),9.0 (+/-0.7),0.004,N/A,N/A,N/A,Yes
Potterton,Ultra 24 System,4159274,26.6,23.96396396,21.6 - 25.2,9.0 (+/-0.7),9.0 (+/-0.7),0.004,N/A,N/A,N/A,Yes
Potterton,Ultra 28 System,4159275,31.1,28.01801802,25.2 - 29.4,9.0 (+/-0.7),9.0 (+/-0.7),0.004,N/A,N/A,N/A,Yes
Potterton,Promax System 24 HE Plus,4160121,27.417,24.7,22.2 - 25.9,8.7 (+/-0.2),8.4 (+/-0.2),0.004,N/A,N/A,N/A,Yes
Potterton,Promax 30 HE Plus,4160122,33.76,30.41441441,27.4 - 31.9,9.0 (+/-1.0),N/A,0.004,N/A,N/A,N/A,Yes
Potterton,Netaheat Profile 30e,4160539,12.432,11.2,10.1 - 11.8,N/A,N/A,N/A,N/A,10.4,5.9,Yes
Potterton,Netaheat Profile 40e,4160540,16.5723,14.93,13.4 - 15.7,N/A,N/A,N/A,N/A,13.4,8.4,Yes
Potterton,Netaheat Profile 50e,4160541,20.8236,18.76,16.9 - 19.7,N/A,N/A,N/A,N/A,12.8,8.7,Yes
Potterton,Netaheat Profile 60e,4160542,25.0527,22.57,20.3 - 23.7,N/A,N/A,N/A,N/A,14,10.3,Yes
Potterton,Netaheat Profile 80e,4160543,33.5775,30.25,27.2 - 31.8,N/A,N/A,N/A,N/A,14,8.5,Yes
Potterton,Profile Prima 30e,4160570,12.1989,10.99,9.9 - 11.5,N/A,N/A,N/A,N/A,8.6,3.9,Yes
Potterton,Profile Prima 40e,4160571,16.2615,14.65,13.2 - 15.4,N/A,N/A,N/A,N/A,11.6,6.9,Yes
Potterton,Profile Prima 50e,4160572,20.3352,18.32,16.5 - 19.2,N/A,N/A,N/A,N/A,11.6,8,Yes
Potterton,Profile Prima 60e,4160573,24.3978,21.98,19.8 - 23.1,N/A,N/A,N/A,N/A,15,11,Yes
Potterton,Profile Prima 80e,4160574,32.5341,29.31,26.4 - 30.8,N/A,N/A,N/A,N/A,11.8,7.2,Yes
Potterton,Profile Prima 100e,4160575,40.6704,36.64,33.0 - 38.5,N/A,N/A,N/A,N/A,13.1,8.6,Yes
Potterton,Prima 30c,4160590,11.72,10.55855856,9.5 - 11.1,N/A,N/A,N/A,N/A,15.7,7.8,Yes
Potterton,Prima 40c,4160591,15.62,14.07207207,12.7 - 14.8,N/A,N/A,N/A,N/A,15.3,9.5,Yes
Potterton,Prima 50c,4160592,19.41,17.48648649,15.7 - 18.4,N/A,N/A,N/A,N/A,14.2,9.3,Yes
Potterton,Prima 60c,4160593,25.3,22.79279279,20.5 - 23.9,N/A,N/A,N/A,N/A,15.2,10.8,Yes
Potterton,Prima 30b,4160594,12.7539,11.49,10.3 - 12.1,N/A,N/A,N/A,N/A,15.2,6.8,Yes
Potterton,Prima 40b,4160595,17.0052,15.32,13.8 - 16.1,N/A,N/A,N/A,N/A,15,8.5,Yes
Potterton,Prima 50b,4160596,20.979,18.9,17.0 - 19.8,N/A,N/A,N/A,N/A,15.8,10.3,Yes
Potterton,Prima 60b,4160597,25.1748,22.68,20.4 - 23.8,N/A,N/A,N/A,N/A,13.5,10,Yes
Potterton,Prima 60f,4160704,24.3978,21.98,19.8 - 23.1,N/A,N/A,N/A,N/A,14.9,10.7,Yes
Potterton,Prima 80f,4160732,32.5341,29.31,26.4 - 30.8,N/A,N/A,N/A,N/A,11.8,6.6,Yes
Potterton,Prima 100f,4160733,40.6704,36.64,33.0 - 38.5,N/A,N/A,N/A,N/A,12.2,8,Yes
Potterton,Suprima 30,4160775,12.21,11,9.9 - 11.6,N/A,N/A,N/A,N/A,9.3,4.1,Yes
Potterton,Suprima 40,4160776,16.317,14.7,13.2 - 15.4,N/A,N/A,N/A,N/A,11.2,6.1,Yes
Potterton,Suprima 50,4160777,20.313,18.3,16.5 - 19.2,N/A,N/A,N/A,N/A,10.3,6.7,Yes
Potterton,Suprima 60,4160778,24.42,22,19.8 - 23.1,N/A,N/A,N/A,N/A,12.2,8.6,Yes
Potterton,Suprima 70,4160779,28.416,25.6,23.0 - 26.9,N/A,N/A,N/A,N/A,13.4,9.6,Yes
Potterton,Suprima 80,4160780,32.523,29.3,26.4 - 30.8,N/A,N/A,N/A,N/A,13.9,10.7,Yes
Potterton,Performa 28,4739307,32.6,29.36936937,26.4 - 30.8,N/A,N/A,N/A,N/A,12.5(+/-0.5),1.8(+/-0.2),Yes
Potterton,Performa 28i,4739308,32.6,29.36936937,26.4 - 30.8,N/A,N/A,N/A,N/A,12.5(+/-0.5),1.8(+/-0.2),Yes
Potterton,Performa 24i HE,4739312,27.528,24.8,22.3 - 26.0,N/A,N/A,N/A,N/A,10.2(+/-0.5),2.0(+/-0.2),Yes
Potterton,Performa 30 HE,4739313,33.855,30.5,27.5 - 32.0,N/A,N/A,N/A,N/A,12.1(+/-0.5),2.1(+/-0.2),Yes
Potterton,Heatmax Combi 28 HE,4739328,32.079,28.9,26.0 - 30.3,8.7 (+/-0.2),8.4 (+/-0.2),0.004,N/A,N/A,N/A,Yes
Potterton,Heatmax Combi 33 HE,4739329,37.74,34,30.6 - 35.7,8.7 (+/-0.2),8.4 (+/-0.2),0.004,N/A,N/A,N/A,Yes
Potterton,Apollo 25,4739337,28.9266,26.06,23.5 - 27.4,9.0 (+/-0.4),8.4 (+/-0.4),0.004,N/A,N/A,N/A,Yes
Potterton,Apollo 30,4739338,33.3,30,27.0 - 31.5,9.1 (+/-0.4),8.4 (+/-0.4),0.004,N/A,N/A,N/A,Yes
Potterton,Titanium 24 ,4739339,27.417,24.7,22.2 - 25.9,8.7 (+/-0.2),8.4 (+/-0.2),0.004,350,N/A,N/A,Yes
Potterton,Titanium 28,4739340,32.079,28.9,26.0 - 30.3,8.7 (+/-0.2),8.4 (+/-0.2),0.004,350,N/A,N/A,Yes
Potterton,Titanium 33,4739341,37.74,34,30.6 - 35.7,8.7 (+/-0.2),8.4 (+/-0.2),0.004,350,N/A,N/A,Yes
Potterton,Titanium 40,4739342,45.732,41.2,37.1 - 43.3,8.7 (+/-0.2),8.4 (+/-0.2),0.004,350,N/A,N/A,Yes
Potterton,Gold 24 Comb iErp,4739343,27.4,24.68468468,22.2 - 25.9,8.7 (+/-0.2),8.4 (+/-0.2),0.004,N/A,N/A,N/A,Yes
Potterton,Gold 28 Combi Erp,4739344,32.1,28.91891892,26.0 - 30.4,8.7 (+/-0.2),8.4 (+/-0.2),0.004,N/A,N/A,N/A,Yes
Potterton,Gold 33 Combi Erp,4739346,37.7,33.96396396,30.6 - 35.7,8.7 (+/-0.2),8.4 (+/-0.2),0.004,N/A,N/A,N/A,Yes
Potterton,Promax 24 Combi ErP,4739347,27.4,24.68468468,22.2 - 25.9,8.7 (+/-0.2),8.4 (+/-0.2),0.004,N/A,N/A,N/A,Yes
Potterton,Promax 33 Combi ErP,4739349,37.7,33.96396396,30.6 - 35.7,8.7 (+/-0.2),8.4 (+/-0.2),0.004,N/A,N/A,N/A,Yes
Potterton,Titanium 24 Combi ErP,4739350,27.4,24.68468468,22.2 - 25.9,8.7 (+/-0.2),8.4 (+/-0.2),0.004,N/A,N/A,N/A,Yes
Potterton,Titanium 28 Combi ErP,4739351,32.1,28.91891892,26.0 - 30.4,8.7 (+/-0.2),8.4 (+/-0.2),0.004,N/A,N/A,N/A,Yes
Potterton,Titanium 33 Combi ErP,4739352,37.7,33.96396396,30.6 - 35.7,8.7 (+/-0.2),8.4 (+/-0.2),0.004,N/A,N/A,N/A,Yes
Potterton,Titanium 40 Combi ErP,4739353,45.7,41.17117117,37.1 - 43.2,8.7 (+/-0.2),8.4 (+/-0.2),0.004,N/A,N/A,N/A,Yes
Potterton,Promax Ultra 24 Combi ErP,4739354,27.4,24.68468468,22.2 - 25.9,9.0 (+/-0.7),9.0 (+/-0.7),0.004,N/A,N/A,N/A,Yes
Potterton,Promax Ultra 40 Combi ErP,4739357,45.8,41.26126126,37.1 - 43.3,9.0 (+/-0.7),9.0 (+/-0.7),0.004,N/A,N/A,N/A,Yes
Potterton,Assure Combi 25,4739358,28.6047,25.77,23.2 - 27.1,9.0(+0.3/-0.2),8.5(+0.1/-0.4),0.004,N/A,N/A,N/A,Yes
Vaillant,ThermoCompact 620/2 E VU GB 202/2-5,4104424,24.42,22,19.8 - 23.1,N/A,N/A,N/A,N/A,9,1.5,Yes
Vaillant,ThermoCompact 628/2 E VU GB 282/2-5,4104425,29.637,26.7,24.0 - 28.0,N/A,N/A,N/A,N/A,9.8,1.9,Yes
Vaillant,ThermoCompact 624/2 E VU GB 242/2-5,4104426,34.521,31.1,28.0 - 32.7,N/A,N/A,N/A,N/A,10.5,1.8,Yes
Vaillant,EcoMax 613/2 E,4104427,14.985,13.5,12.2 - 14.2,9.2(+/-1.0),N/A,N/A,250,N/A,N/A,Every 2 Years
Vaillant,EcoMax 618/2 E,4104428,20.424,18.4,16.6 - 19.3,9.2(+/-1.0),N/A,N/A,250,N/A,N/A,Every 2 Years
Vaillant,EcoMax 622/2 E,4104429,24.864,22.4,20.2 - 23.5,9.2(+/-1.0),N/A,N/A,250,N/A,N/A,Every 2 Years
Vaillant,EcoMax Pro 18e,4104430,20.646,18.6,16.7 - 19.5,9.0(+/-0.2),8.8(+/-0.2),N/A,250,N/A,N/A,Every 5 Years
Vaillant,EcoMax Pro 28e,4104431,31.746,28.6,25.7 - 30.0,9.0(+/-0.2),8.8(+/-0.2),N/A,250,N/A,N/A,Every 5 Years
Vaillant,ThermoCompact 637/2 E VU GB 362-5,4104432,44.955,40.5,36.5 - 42.5,N/A,N/A,N/A,N/A,12,1.2,Yes
Vaillant,EcoMax 635 E,4104443,38.739,34.9,31.4 - 36.6,9.2(+/-1.0),N/A,N/A,250,N/A,N/A,Every 2 Years
Vaillant,EcoTec Plus 624,4104447,26.64,24,21.6 - 25.2,9.2(+/-1.0),N/A,N/A,250,N/A,N/A,Every 5 Years
Vaillant,EcoTec Plus 630,4104448,33.3,30,27.0 - 31.5,9.2(+/-1.0),N/A,N/A,250,N/A,N/A,Every 5 Years
Vaillant,EcoTec Plus 637,4104449,41.07,37,33.3 - 38.9,9.2(+/-1.0),N/A,N/A,250,N/A,N/A,Every 5 Years
Vaillant,EcoTec Plus 438,4104457,42.624,38.4,34.6 - 40.3,9.0(+0.2/-0.5),N/A,N/A,N/A,N/A,N/A,Every 5 Years
Vaillant,EcoTec Plus 612 VU GB 126 /5-5,4104460,13.764,12.4,11.2 - 13.0,Between 7.8 and 10.2%,N/A,0.0031,250,N/A,N/A,Every 5 Years
Vaillant,EcoTec Plus 615 VU GB 526 /5-5,4104461,17.205,15.5,14.0 - 16.3,Between 7.8 and 10.2%,N/A,0.0031,250,N/A,N/A,Every 5 Years
Vaillant,EcoTec Plus 618 VU GB 186 /5-5,4104462,20.646,18.6,16.7 - 19.5,Between 7.8 and 10.2%,N/A,0.0031,250,N/A,N/A,Every 5 Years
Vaillant,EcoTec Plus 624 VU GB 246 /5-5,4104463,27.417,24.7,22.2 - 25.9,Between 7.8 and 10.2%,N/A,0.0031,250,N/A,N/A,Every 5 Years
Vaillant,EcoTec Plus 630 VU GB 306 /5-5,4104464,34.299,30.9,27.8 - 32.4,Between 7.8 and 10.2%,N/A,0.0031,250,N/A,N/A,Every 5 Years
Vaillant,EcoTec Plus 637 VU GB 376 /5-5,4104465,42.291,38.1,34.3 - 40.0,Between 7.8 and 10.2%,N/A,0.0031,250,N/A,N/A,Every 5 Years
Vaillant,EcoTec Plus 412 126/6-5 OV H-GB,4104471,13.653,12.3,11.1 - 12.9,9.2(+/-1.0),N/A,0.0031,250,N/A,N/A,Every 5 Years
Vaillant,EcoTec Plus 415 156/6-5 OV H-GB,4104472,16.983,15.3,13.8 - 16.1,9.2(+/-1.0),N/A,0.0031,250,N/A,N/A,Every 5 Years
Vaillant,EcoTec Plus 418 186/6-5 OV H-GB,4104473,20.424,18.4,16.6 - 19.3,9.2(+/-1.0),N/A,0.0031,250,N/A,N/A,Every 5 Years
Vaillant,EcoTec Plus 424 246/6-5 OV H-GB,4104474,27.417,24.7,22.2 - 25.9,9.2(+/-1.0),N/A,0.0031,250,N/A,N/A,Every 5 Years
Vaillant,EcoTec Plus 430 306/6-5 OV H-GB,4104475,33.966,30.6,27.5 - 32.1,9.2(+/-1.0),N/A,0.0031,250,N/A,N/A,Every 5 Years
Vaillant,EcoTec Plus 435 356/6-5 OV H-GB,4104476,39.627,35.7,32.1 - 37.5,9.2(+/-1.0),N/A,0.0031,250,N/A,N/A,Every 5 Years
Vaillant,EcoTec Plus 612 VU GB 126 /5-5 A,4104478,13.764,12.4,11.2 - 13.0,9.2(+/-1.0),N/A,0.0031,250,N/A,N/A,Every 5 Years
Vaillant,EcoTec Plus 615 VU GB 526 /5-5 A,4104479,17.205,15.5,14.0 - 16.3,9.2(+/-1.0),N/A,0.0031,250,N/A,N/A,Every 5 Years
Vaillant,EcoTec Plus 618 VU GB 186 /5-5 A,4104480,20.646,18.6,16.7 - 19.5,9.2(+/-1.0),N/A,0.0031,250,N/A,N/A,Every 5 Years
Vaillant,EcoTec Plus 624 VU GB 246 /5-5 A,4104482,27.417,24.7,22.2 - 25.9,9.2(+/-1.0),N/A,0.0031,250,N/A,N/A,Every 5 Years
Vaillant,EcoTec Plus 630 VU GB 306 /5-5 A,4104483,34.299,30.9,27.8 - 32.4,9.2(+/-1.0),N/A,0.0031,250,N/A,N/A,Every 5 Years
Vaillant,Home Regular 12,4104488,13.653,12.3,11.1 - 12.9,9.2(+/-1.0),N/A,0.0027,250,N/A,N/A,Every 5 Years
Vaillant,Home Regular 15,4104489,16.983,15.3,13.8 - 16.1,9.2(+/-1.0),N/A,0.0027,250,N/A,N/A,Every 5 Years
Vaillant,Home Regular 18,4104490,20.424,18.4,16.6 - 19.3,9.2(+/-1.0),N/A,0.0027,250,N/A,N/A,Every 5 Years
Vaillant,Home Regular 25,4104491,28.305,25.5,23.0 - 26.8,9.2(+/-1.0),N/A,0.0027,250,N/A,N/A,Every 5 Years
Vaillant,Home Regular 30,4104492,33.966,30.6,27.5 - 32.1,9.2(+/-1.0),N/A,0.0027,250,N/A,N/A,Every 5 Years
Vaillant,Home System 12,4104494,13.542,12.2,11.0 - 12.8,9.2(+/-1.0),N/A,0.0027,250,N/A,N/A,Every 5 Years
Vaillant,Home System 25,4104497,28.305,25.5,23.0 - 26.8,9.2(+/-1.0),N/A,0.0027,250,N/A,N/A,Every 5 Years
Vaillant,EcoTec Exclusive 627 VU 256/5-7,4169402,33.633,30.3,27.3 - 31.8,Between 8.0 and 10.5%,N/A,0.0031,250,N/A,N/A,Yes
Vaillant,EcoFit Pure System 612 VU 126/6-3,4169403,16.983,15.3,13.8 - 16.1,9.2(+/-1.0),N/A,0.0027,250,N/A,N/A,Every 5 Years
Vaillant,EcoFit Pure System 615 VU 586/6-3,4169404,20.424,18.4,16.6 - 19.3,9.2(+/-1.0),N/A,0.0027,250,N/A,N/A,Every 5 Years
Vaillant,EcoFit Pure System 618 VU 186/6-3,4169405,28.527,25.7,23.1 - 27.0,9.2(+/-1.0),N/A,0.0027,250,N/A,N/A,Every 5 Years
Vaillant,EcoFit Pure System 625 VU 256/6-3,4169406,33.966,30.6,27.5 - 32.1,9.2(+/-1.0),N/A,0.0027,250,N/A,N/A,Every 5 Years
Vaillant,EcoFit Pure System 630 VU 306/6-3,4169407,39.627,35.7,32.1 - 37.5,9.2(+/-1.0),N/A,0.0027,250,N/A,N/A,Every 5 Years
Vaillant,EcoFit Pure OV 412 VU 126/6-3,4169408,16.983,15.3,13.8 - 16.1,9.2(+/-1.0),N/A,0.0031,250,N/A,N/A,Every 5 Years
Vaillant,EcoFit Pure OV 415 VU 156/6-3,4169409,20.424,18.4,16.6 - 19.3,9.2(+/-1.0),N/A,0.0031,250,N/A,N/A,Every 5 Years
Vaillant,EcoFit Pure OV 418 VU 186/6-3,4169410,28.527,25.7,23.1 - 27.0,9.2(+/-1.0),N/A,0.0031,250,N/A,N/A,Every 5 Years
Vaillant,EcoFit Pure OV 425 VU 256/6-3,4169411,33.966,30.6,27.5 - 32.1,9.2(+/-1.0),N/A,0.0031,250,N/A,N/A,Every 5 Years
Vaillant,EcoFit Pure OV 430 VU 306/6-3,4169412,39.627,35.7,32.1 - 37.5,9.2(+/-1.0),N/A,0.0031,250,N/A,N/A,Every 5 Years
Vaillant,EcoTec Plus 412 126/6-5 OVZ H-GB,4169413,20.424,18.4,16.6 - 19.3,9.2(+/-1.0),N/A,0.0027,250,N/A,N/A,Yes
Vaillant,EcoTec Plus 415 156/6-5 OVZ H-GB,4169414,20.424,18.4,16.6 - 19.3,9.2(+/-1.0),N/A,0.0027,250,N/A,N/A,Yes
Vaillant,EcoTec Plus 418 186/6-5 OVZ H-GB,4169415,28.527,25.7,23.1 - 27.0,9.2(+/-1.0),N/A,0.0027,250,N/A,N/A,Yes
Vaillant,EcoTec Plus 424 246/6-5 OVZ H-GB,4169416,33.966,30.6,27.5 - 32.1,9.2(+/-1.0),N/A,0.0027,250,N/A,N/A,Yes
Vaillant,EcoTec Plus 430 306/6-5 OVZ H-GB,4169417,39.627,35.7,32.1 - 37.5,9.2(+/-1.0),N/A,0.0027,250,N/A,N/A,Yes
Vaillant,EcoFit Pure OV 5 VU 356/6-3,4169419,39.627,35.7,32.1 - 37.5,9.2(+/-1.0),N/A,0.0031,250,N/A,N/A,Every 5 Years
Vaillant,EcoTec Plus 612 VU 126/5-5 H-GB,4169420,13.764,12.4,11.2 - 13.0,9.2(+/-1.0),N/A,0.0031,250,N/A,N/A,Every 5 Years
Vaillant,EcoTec Plus 615 VU 156/5-5 H-GB,4169421,17.205,15.5,14.0 - 16.3,9.2(+/-1.0),N/A,0.0031,250,N/A,N/A,Every 5 Years
Vaillant,EcoTec Plus 618 VU 186/5-5 H-GB,4169422,20.979,18.9,17.0 - 19.8,9.2(+/-1.0),N/A,0.0031,250,N/A,N/A,Every 5 Years
Vaillant,EcoTec Plus 618 VU 186/5-5 P-GB,4169423,20.979,18.9,17.0 - 19.8,9.2(+/-1.0),N/A,0.0031,250,N/A,N/A,Every 5 Years
Vaillant,EcoTec Plus 624 VU 246/5-5 H-GB,4169424,27.417,24.7,22.2 - 25.9,9.2(+/-1.0),N/A,0.0031,250,N/A,N/A,Every 5 Years
Vaillant,EcoTec Plus 630 VU 306/5-5 H-GB,4169425,34.299,30.9,27.8 - 32.4,9.2(+/-1.0),N/A,0.0031,250,N/A,N/A,Every 5 Years
Vaillant,EcoTec Plus 630 VU 306/5-5 P-GB,4169426,34.299,30.9,27.8 - 32.4,9.2(+/-1.0),N/A,0.0031,250,N/A,N/A,Every 5 Years
Vaillant,EcoTec Plus 637 VU 376/5-5 H-GB,4169427,42.291,38.1,34.3 - 40.0,9.2(+/-1.0),N/A,0.0031,250,N/A,N/A,Every 5 Years
Vaillant,EcoFit Sustain 615 VU 156/6-3 H-GB,4169430,16.983,15.3,13.8 - 16.1,9.2(+/-1.0),N/A,0.0031,250,N/A,N/A,Every 5 Years
Vaillant,EcoFit Sustain 618 VU 186/6-3 H-GB,4169431,20.424,18.4,16.6 - 19.3,9.2(+/-1.0),N/A,0.0031,250,N/A,N/A,Every 5 Years
Vaillant,EcoFit Sustain 630 VU 306/6-3 H-GB,4169432,33.966,30.6,27.5 - 32.1,9.2(+/-1.0),N/A,0.0031,250,N/A,N/A,Every 5 Years
Vaillant,EcoFit Sustain 415 VU 156/6-3 OV H-GB,4169433,16.983,15.3,13.8 - 16.1,9.2(+/-1.0),N/A,0.0031,250,N/A,N/A,Every 5 Years
Vaillant,EcoFit Sustain 418 VU 186/6-3 OV H-GB,4169434,20.424,18.4,16.6 - 19.3,9.2(+/-1.0),N/A,0.0031,250,N/A,N/A,Every 5 Years
Vaillant,EcoFit Sustain 430 VU 306/6-3 OV H-GB,4169435,33.966,30.6,27.5 - 32.1,9.2(+/-1.0),N/A,0.0031,250,N/A,N/A,Every 5 Years
Vaillant,EcoTec Plus 610 VU 10CS/1-5 N-GB,4169445,11.322,10.2,9.2 - 10.7,Max O2% NG=Between 1.4 and 7.8,N/A,0.004,350,N/A,N/A,Every 5 Years
Vaillant,EcoTec Plus 615 VU 15CS/1-5 N-GB,4169446,16.983,15.3,13.8 - 16.1,Max O2% NG=Between 3.0 and 7.5,N/A,0.004,350,N/A,N/A,Every 5 Years
Vaillant,EcoTec Plus 620 VU 20CS/1-5 N-GB,4169447,22.644,20.4,18.4 - 21.4,Max O2% NG=Between 3.5 and 7.3,N/A,0.004,350,N/A,N/A,Every 5 Years
Vaillant,EcoTec Plus 625 VU 25CS/1-5 N-GB,4169448,28.305,25.5,23.0 - 26.8,Max O2% NG=Between 1.8 and 7.3,N/A,0.004,350,N/A,N/A,Every 5 Years
Vaillant,EcoTec Plus 630 VU 30CS/1-5 N-GB,4169449,33.966,30.6,27.5 - 32.1,Max O2% NG=Between 2.1 and 7.3,N/A,0.004,350,N/A,N/A,Every 5 Years
Vaillant,EcoTec Plus 635 VU 35CS/1-5 N-GB,4169450,39.627,35.7,32.1 - 37.5,Max O2% NG=Between 3.5 and 7.3,N/A,0.004,350,N/A,N/A,Every 5 Years
